Workbook
Name Slicer_Gender: #N/A
Name Slicer_Gender1: #N/A
Name Slicer_Generation: #N/A
Name Slicer_Product_Category: #N/A
Name Slicer_Product_Category1: #N/A

Sheet Sheet1
A3: Sum of Total Sales | B3: Gender
A4: Product Category | B4: Female | C4: Male | D4: Grand Total
A5: Beauty | B5: 0.16410088 | C5: 0.150625 | D5: 0.31472588
A6: Clothing | B6: 0.17823465 | C6: 0.16294956 | D6: 0.34118421
A7: Electronics | B7: 0.16827851 | C7: 0.1758114 | D7: 0.34408991
A8: Grand Total | B8: 0.51061404 | C8: 0.48938596 | D8: 1

Sheet Detail1
A1: Details for Sum of Total Sales - Product Category: Beauty, Generation: Adult
A3: Transaction ID | B3: Day | C3: Month | D3: Year | E3: Day Name | F3: Month Name | G3: Date | H3: Customer ID | I3: Gender | J3: Generation | K3: Age | L3: Product Category | M3: Quantity | N3: Price per Unit | O3: Total Sales | P3: Commision 2023 | Q3: Commision 2024
A4: 1 | B4: 24 | C4: 11 | D4: 2023 | E4: Fri | F4: Nov | G4: 45254 | H4: CUST001 | I4: Male | J4: Adult | K4: 34 | L4: Beauty | M4: 3 | N4: 50 | O4: 150 | P4: 2.25 | Q4: 3
A5: 982 | B5: 19 | C5: 12 | D5: 2023 | E5: Tue | F5: Dec | G5: 45279 | H5: CUST982 | I5: Female | J5: Adult | K5: 46 | L5: Beauty | M5: 3 | N5: 30 | O5: 90 | P5: 1.35 | Q5: 1.8
A6: 976 | B6: 10 | C6: 10 | D6: 2023 | E6: Tue | F6: Oct | G6: 45209 | H6: CUST976 | I6: Female | J6: Adult | K6: 48 | L6: Beauty | M6: 2 | N6: 300 | O6: 600 | P6: 9 | Q6: 12
A7: 974 | B7: 3 | C7: 5 | D7: 2023 | E7: Wed | F7: May | G7: 45049 | H7: CUST974 | I7: Male | J7: Adult | K7: 47 | L7: Beauty | M7: 1 | N7: 30 | O7: 30 | P7: 0.45 | Q7: 0.6
A8: 5 | B8: 6 | C8: 5 | D8: 2023 | E8: Sat | F8: May | G8: 45052 | H8: CUST005 | I8: Male | J8: Adult | K8: 30 | L8: Beauty | M8: 2 | N8: 50 | O8: 100 | P8: 1.5 | Q8: 2
A9: 6 | B9: 25 | C9: 4 | D9: 2023 | E9: Tue | F9: Apr | G9: 45041 | H9: CUST006 | I9: Female | J9: Adult | K9: 45 | L9: Beauty | M9: 1 | N9: 30 | O9: 30 | P9: 0.45 | Q9: 0.6
A10: 972 | B10: 11 | C10: 2 | D10: 2023 | E10: Sat | F10: Feb | G10: 44968 | H10: CUST972 | I10: Male | J10: Adult | K10: 49 | L10: Beauty | M10: 4 | N10: 25 | O10: 100 | P10: 1.5 | Q10: 2
A11: 953 | B11: 26 | C11: 4 | D11: 2023 | E11: Wed | F11: Apr | G11: 45042 | H11: CUST953 | I11: Male | J11: Adult | K11: 45 | L11: Beauty | M11: 3 | N11: 30 | O11: 90 | P11: 1.35 | Q11: 1.8
A12: 951 | B12: 2 | C12: 11 | D12: 2023 | E12: Thu | F12: Nov | G12: 45232 | H12: CUST951 | I12: Male | J12: Adult | K12: 33 | L12: Beauty | M12: 2 | N12: 50 | O12: 100 | P12: 1.5 | Q12: 2
A13: 945 | B13: 13 | C13: 2 | D13: 2023 | E13: Mon | F13: Feb | G13: 44970 | H13: CUST945 | I13: Male | J13: Adult | K13: 30 | L13: Beauty | M13: 1 | N13: 25 | O13: 25 | P13: 0.375 | Q13: 0.5
A14: 935 | B14: 9 | C14: 9 | D14: 2023 | E14: Sat | F14: Sep | G14: 45178 | H14: CUST935 | I14: Female | J14: Adult | K14: 34 | L14: Beauty | M14: 1 | N14: 50 | O14: 50 | P14: 0.75 | Q14: 1
A15: 12 | B15: 30 | C15: 10 | D15: 2023 | E15: Mon | F15: Oct | G15: 45229 | H15: CUST012 | I15: Male | J15: Adult | K15: 35 | L15: Beauty | M15: 3 | N15: 25 | O15: 75 | P15: 1.125 | Q15: 1.5
... A132: 137 | B132: 18 | C132: 11 | D132: 2023 | E132: Sat | F132: Nov | G132: 45248 | H132: CUST137 | I132: Male | J132: Adult | K132: 46 | L132: Beauty | M132: 2 | N132: 500 | O132: 1000 | P132: 15 | Q132: 20

Sheet Detail2
A1: Details for Sum of Total Sales - Product Category: Clothing, Generation: Adult
A3: Transaction ID | B3: Day | C3: Month | D3: Year | E3: Day Name | F3: Month Name | G3: Date | H3: Customer ID | I3: Gender | J3: Generation | K3: Age | L3: Product Category | M3: Quantity | N3: Price per Unit | O3: Total Sales | P3: Commision 2023 | Q3: Commision 2024
A4: 995 | B4: 30 | C4: 4 | D4: 2023 | E4: Sun | F4: Apr | G4: 45046 | H4: CUST995 | I4: Female | J4: Adult | K4: 41 | L4: Clothing | M4: 1 | N4: 30 | O4: 30 | P4: 0.45 | Q4: 0.6
A5: 991 | B5: 26 | C5: 12 | D5: 2023 | E5: Tue | F5: Dec | G5: 45286 | H5: CUST991 | I5: Female | J5: Adult | K5: 34 | L5: Clothing | M5: 2 | N5: 50 | O5: 100 | P5: 1.5 | Q5: 2
A6: 987 | B6: 29 | C6: 4 | D6: 2023 | E6: Sat | F6: Apr | G6: 45045 | H6: CUST987 | I6: Female | J6: Adult | K6: 30 | L6: Clothing | M6: 3 | N6: 300 | O6: 900 | P6: 13.5 | Q6: 18
A7: 4 | B7: 21 | C7: 5 | D7: 2023 | E7: Sun | F7: May | G7: 45067 | H7: CUST004 | I7: Male | J7: Adult | K7: 37 | L7: Clothing | M7: 1 | N7: 500 | O7: 500 | P7: 7.5 | Q7: 10
A8: 986 | B8: 17 | C8: 1 | D8: 2023 | E8: Tue | F8: Jan | G8: 44943 | H8: CUST986 | I8: Female | J8: Adult | K8: 49 | L8: Clothing | M8: 2 | N8: 500 | O8: 1000 | P8: 15 | Q8: 20
A9: 969 | B9: 19 | C9: 4 | D9: 2023 | E9: Wed | F9: Apr | G9: 45035 | H9: CUST969 | I9: Female | J9: Adult | K9: 40 | L9: Clothing | M9: 3 | N9: 300 | O9: 900 | P9: 13.5 | Q9: 18
A10: 7 | B10: 13 | C10: 3 | D10: 2023 | E10: Mon | F10: Mar | G10: 44998 | H10: CUST007 | I10: Male | J10: Adult | K10: 46 | L10: Clothing | M10: 2 | N10: 25 | O10: 50 | P10: 0.75 | Q10: 1
A11: 968 | B11: 17 | C11: 11 | D11: 2023 | E11: Fri | F11: Nov | G11: 45247 | H11: CUST968 | I11: Female | J11: Adult | K11: 48 | L11: Clothing | M11: 3 | N11: 300 | O11: 900 | P11: 13.5 | Q11: 18
A12: 962 | B12: 19 | C12: 10 | D12: 2023 | E12: Thu | F12: Oct | G12: 45218 | H12: CUST962 | I12: Male | J12: Adult | K12: 44 | L12: Clothing | M12: 2 | N12: 30 | O12: 60 | P12: 0.9 | Q12: 1.2
A13: 956 | B13: 19 | C13: 8 | D13: 2023 | E13: Sat | F13: Aug | G13: 45157 | H13: CUST956 | I13: Male | J13: Adult | K13: 30 | L13: Clothing | M13: 3 | N13: 500 | O13: 1500 | P13: 22.5 | Q13: 30
A14: 950 | B14: 7 | C14: 11 | D14: 2023 | E14: Tue | F14: Nov | G14: 45237 | H14: CUST950 | I14: Male | J14: Adult | K14: 36 | L14: Clothing | M14: 3 | N14: 300 | O14: 900 | P14: 13.5 | Q14: 18
A15: 944 | B15: 5 | C15: 6 | D15: 2023 | E15: Mon | F15: Jun | G15: 45082 | H15: CUST944 | I15: Male | J15: Adult | K15: 44 | L15: Clothing | M15: 2 | N15: 25 | O15: 50 | P15: 0.75 | Q15: 1
... A150: 156 | B150: 25 | C150: 11 | D150: 2023 | E150: Sat | F150: Nov | G150: 45255 | H150: CUST156 | I150: Female | J150: Adult | K150: 43 | L150: Clothing | M150: 4 | N150: 25 | O150: 100 | P150: 1.5 | Q150: 2

Sheet Sheet2
A3: Sum of Total Sales | B3: Generation
A4: Product Category | B4: Adult | C4: Senior | D4: Young Adult | E4: Grand Total
A5: Beauty | B5: 0.1491886 | C5: 0.074747807 | D5: 0.090789474 | E5: 0.31472588
A6: Clothing | B6: 0.13675439 | C6: 0.10322368 | D6: 0.10120614 | E6: 0.34118421
A7: Electronics | B7: 0.13004386 | C7: 0.13596491 | D7: 0.07808114 | E7: 0.34408991
A8: Grand Total | B8: 0.41598684 | C8: 0.3139364 | D8: 0.27007675 | E8: 1

Sheet retail_sales_dataset
A1: Transaction ID | B1: Day | C1: Month | D1: Year | E1: Day Name | F1: Month Name | G1: Date | H1: Customer ID | I1: Gender | J1: Generation | K1: Age | L1: Product Category | M1: Quantity | N1: Price per Unit | O1: Total Sales | P1: Commision 2023 | Q1: =R4 -> Commision 2024
A2: 1 | B2: =DAY(G2) -> 24 | C2: =MONTH(G2) -> 11 | D2: =YEAR(G2) -> 2023 | E2: =TEXT(G2,"DDD") -> Fri | F2: =TEXT(G2,"MMM") -> Nov | G2: 45254 | H2: CUST001 | I2: Male | J2: {=_xlfn.IFS(K2>=50, "Senior", K2>=30, "Adult", K2<30,"Young Adult")} -> Senior | K2: 64 | L2: Beauty | M2: 3 | N2: 50 | O2: =M2 * N2 -> 150 | P2: =O2 * $S$3 -> 2.25 | Q2: =O2 * $S$4 -> 3 | S2: Rate %
A3: 2 | B3: =DAY(G3) -> 27 | C3: =MONTH(G3) -> 2 | D3: =YEAR(G3) -> 2023 | E3: =TEXT(G3,"DDD") -> Mon | F3: =TEXT(G3,"MMM") -> Feb | G3: 44984 | H3: CUST002 | I3: Female | J3: {=_xlfn.IFS(K3>=50, "Senior", K3>=30, "Adult", K3<30,"Young Adult")} -> Senior | K3: 64 | L3: Clothing | M3: 2 | N3: 500 | O3: =M3 * N3 -> 1000 | P3: =O3 * $S$3 -> 15 | Q3: =O3 * $S$4 -> 20 | R3: Commision 2023 | S3: 0.015
A4: 3 | B4: =DAY(G4) -> 13 | C4: =MONTH(G4) -> 1 | D4: =YEAR(G4) -> 2023 | E4: =TEXT(G4,"DDD") -> Fri | F4: =TEXT(G4,"MMM") -> Jan | G4: 44939 | H4: CUST003 | I4: Male | J4: {=_xlfn.IFS(K4>=50, "Senior", K4>=30, "Adult", K4<30,"Young Adult")} -> Senior | K4: 64 | L4: Electronics | M4: 1 | N4: 30 | O4: =M4 * N4 -> 30 | P4: =O4 * $S$3 -> 0.45 | Q4: =O4 * $S$4 -> 0.6 | R4: Commision 2024 | S4: 0.02
A5: 4 | B5: =DAY(G5) -> 21 | C5: =MONTH(G5) -> 5 | D5: =YEAR(G5) -> 2023 | E5: =TEXT(G5,"DDD") -> Sun | F5: =TEXT(G5,"MMM") -> May | G5: 45067 | H5: CUST004 | I5: Male | J5: {=_xlfn.IFS(K5>=50, "Senior", K5>=30, "Adult", K5<30,"Young Adult")} -> Senior | K5: 64 | L5: Clothing | M5: 1 | N5: 500 | O5: =M5 * N5 -> 500 | P5: =O5 * $S$3 -> 7.5 | Q5: =O5 * $S$4 -> 10
A6: 5 | B6: =DAY(G6) -> 6 | C6: =MONTH(G6) -> 5 | D6: =YEAR(G6) -> 2023 | E6: =TEXT(G6,"DDD") -> Sat | F6: =TEXT(G6,"MMM") -> May | G6: 45052 | H6: CUST005 | I6: Male | J6: {=_xlfn.IFS(K6>=50, "Senior", K6>=30, "Adult", K6<30,"Young Adult")} -> Senior | K6: 64 | L6: Beauty | M6: 2 | N6: 50 | O6: =M6 * N6 -> 100 | P6: =O6 * $S$3 -> 1.5 | Q6: =O6 * $S$4 -> 2
A7: 6 | B7: =DAY(G7) -> 25 | C7: =MONTH(G7) -> 4 | D7: =YEAR(G7) -> 2023 | E7: =TEXT(G7,"DDD") -> Tue | F7: =TEXT(G7,"MMM") -> Apr | G7: 45041 | H7: CUST006 | I7: Female | J7: {=_xlfn.IFS(K7>=50, "Senior", K7>=30, "Adult", K7<30,"Young Adult")} -> Senior | K7: 64 | L7: Beauty | M7: 1 | N7: 30 | O7: =M7 * N7 -> 30 | P7: =O7 * $S$3 -> 0.45 | Q7: =O7 * $S$4 -> 0.6
A8: 7 | B8: =DAY(G8) -> 13 | C8: =MONTH(G8) -> 3 | D8: =YEAR(G8) -> 2023 | E8: =TEXT(G8,"DDD") -> Mon | F8: =TEXT(G8,"MMM") -> Mar | G8: 44998 | H8: CUST007 | I8: Male | J8: {=_xlfn.IFS(K8>=50, "Senior", K8>=30, "Adult", K8<30,"Young Adult")} -> Senior | K8: 64 | L8: Clothing | M8: 2 | N8: 25 | O8: =M8 * N8 -> 50 | P8: =O8 * $S$3 -> 0.75 | Q8: =O8 * $S$4 -> 1
A9: 8 | B9: =DAY(G9) -> 22 | C9: =MONTH(G9) -> 2 | D9: =YEAR(G9) -> 2023 | E9: =TEXT(G9,"DDD") -> Wed | F9: =TEXT(G9,"MMM") -> Feb | G9: 44979 | H9: CUST008 | I9: Male | J9: {=_xlfn.IFS(K9>=50, "Senior", K9>=30, "Adult", K9<30,"Young Adult")} -> Senior | K9: 64 | L9: Electronics | M9: 4 | N9: 25 | O9: =M9 * N9 -> 100 | P9: =O9 * $S$3 -> 1.5 | Q9: =O9 * $S$4 -> 2 | S9: Overall Sales | T9: Quantity
A10: 9 | B10: =DAY(G10) -> 13 | C10: =MONTH(G10) -> 12 | D10: =YEAR(G10) -> 2023 | E10: =TEXT(G10,"DDD") -> Wed | F10: =TEXT(G10,"MMM") -> Dec | G10: 45273 | H10: CUST009 | I10: Male | J10: {=_xlfn.IFS(K10>=50, "Senior", K10>=30, "Adult", K10<30,"Young Adult")} -> Senior | K10: 64 | L10: Electronics | M10: 2 | N10: 300 | O10: =SUM(N10)*M10 -> 600 | P10: =O10 * $S$3 -> 9 | Q10: =O10 * $S$4 -> 12 | R10: All products | S10: =SUM(O:O) -> 456000 | T10: Female | U10: Male
A11: 10 | B11: =DAY(G11) -> 7 | C11: =MONTH(G11) -> 10 | D11: =YEAR(G11) -> 2023 | E11: =TEXT(G11,"DDD") -> Sat | F11: =TEXT(G11,"MMM") -> Oct | G11: 45206 | H11: CUST010 | I11: Female | J11: {=_xlfn.IFS(K11>=50, "Senior", K11>=30, "Adult", K11<30,"Young Adult")} -> Senior | K11: 64 | L11: Clothing | M11: 4 | N11: 50 | O11: =M11 * N11 -> 200 | P11: =O11 * $S$3 -> 3 | Q11: =O11 * $S$4 -> 4 | R11: =L2 -> Beauty | S11: =SUMIF(L2:L1001, "Beauty", O2:O1001) -> 143515 | T11: =SUMIFS(M2:M1001,I2:I1001,"Female",L2:L1001,"Beauty") -> 418 | U11: =SUMIFS(M2:M1001, I2:I1001,"Male",L2:L1001,"Beauty") -> 353
A12: 11 | B12: =DAY(G12) -> 14 | C12: =MONTH(G12) -> 2 | D12: =YEAR(G12) -> 2023 | E12: =TEXT(G12,"DDD") -> Tue | F12: =TEXT(G12,"MMM") -> Feb | G12: 44971 | H12: CUST011 | I12: Male | J12: {=_xlfn.IFS(K12>=50, "Senior", K12>=30, "Adult", K12<30,"Young Adult")} -> Senior | K12: 64 | L12: Clothing | M12: 2 | N12: 50 | O12: =M12 * N12 -> 100 | P12: =O12 * $S$3 -> 1.5 | Q12: =O12 * $S$4 -> 2 | R12: =L5 -> Clothing | S12: =SUMIF(L2:L1001, "Clothing", O2:O1001) -> 155580 | T12: =SUMIFS(M2:M1001,I2:I1001,"Female",L2:L1001,"Clothing") -> 441 | U12: =SUMIFS(M2:M1001, I2:I1001,"Male",L2:L1001,"Clothing") -> 453
A13: 12 | B13: =DAY(G13) -> 30 | C13: =MONTH(G13) -> 10 | D13: =YEAR(G13) -> 2023 | E13: =TEXT(G13,"DDD") -> Mon | F13: =TEXT(G13,"MMM") -> Oct | G13: 45229 | H13: CUST012 | I13: Male | J13: {=_xlfn.IFS(K13>=50, "Senior", K13>=30, "Adult", K13<30,"Young Adult")} -> Senior | K13: 64 | L13: Beauty | M13: 3 | N13: 25 | O13: =M13 * N13 -> 75 | P13: =O13 * $S$3 -> 1.125 | Q13: =O13 * $S$4 -> 1.5 | R13: =L4 -> Electronics | S13: =SUMIF(L2:L1001, "Electronics",O2:O1001) -> 156905 | T13: =SUMIFS(M2:M1001,I2:I1001,"Female",L2:L1001,"Electronics") -> 439 | U13: =SUMIFS(M2:M1001, I2:I1001,"Male",L2:L1001,"Electronics") -> 410
A14: 13 | B14: =DAY(G14) -> 5 | C14: =MONTH(G14) -> 8 | D14: =YEAR(G14) -> 2023 | E14: =TEXT(G14,"DDD") -> Sat | F14: =TEXT(G14,"MMM") -> Aug | G14: 45143 | H14: CUST013 | I14: Male | J14: {=_xlfn.IFS(K14>=50, "Senior", K14>=30, "Adult", K14<30,"Young Adult")} -> Senior | K14: 64 | L14: Electronics | M14: 3 | N14: 500 | O14: =M14 * N14 -> 1500 | P14: =O14 * $S$3 -> 22.5 | Q14: =O14 * $S$4 -> 30
A15: 14 | B15: =DAY(G15) -> 17 | C15: =MONTH(G15) -> 1 | D15: =YEAR(G15) -> 2023 | E15: =TEXT(G15,"DDD") -> Tue | F15: =TEXT(G15,"MMM") -> Jan | G15: 44943 | H15: CUST014 | I15: Male | J15: {=_xlfn.IFS(K15>=50, "Senior", K15>=30, "Adult", K15<30,"Young Adult")} -> Senior | K15: 64 | L15: Clothing | M15: 4 | N15: 30 | O15: =M15 * N15 -> 120 | P15: =O15 * $S$3 -> 1.8 | Q15: =O15 * $S$4 -> 2.4
A16: 15 | B16: =DAY(G16) -> 16 | C16: =MONTH(G16) -> 1 | D16: =YEAR(G16) -> 2023 | E16: =TEXT(G16,"DDD") -> Mon | F16: =TEXT(G16,"MMM") -> Jan | G16: 44942 | H16: CUST015 | I16: Female | J16: {=_xlfn.IFS(K16>=50, "Senior", K16>=30, "Adult", K16<30,"Young Adult")} -> Senior | K16: 64 | L16: Electronics | M16: 4 | N16: 500 | O16: =M16 * N16 -> 2000 | P16: =O16 * $S$3 -> 30 | Q16: =O16 * $S$4 -> 40 | R16: Avarage Commission P2:P16
A17: 16 | B17: =DAY(G17) -> 17 | C17: =MONTH(G17) -> 2 | D17: =YEAR(G17) -> 2023 | E17: =TEXT(G17,"DDD") -> Fri | F17: =TEXT(G17,"MMM") -> Feb | G17: 44974 | H17: CUST016 | I17: Male | J17: {=_xlfn.IFS(K17>=50, "Senior", K17>=30, "Adult", K17<30,"Young Adult")} -> Senior | K17: 64 | L17: Clothing | M17: 3 | N17: 500 | O17: =M17 * N17 -> 1500 | P17: =O17 * $S$3 -> 22.5 | Q17: =O17 * $S$4 -> 30 | R17: =AVERAGE(P2:P16) -> 6.555
A18: 17 | B18: =DAY(G18) -> 22 | C18: =MONTH(G18) -> 4 | D18: =YEAR(G18) -> 2023 | E18: =TEXT(G18,"DDD") -> Sat | F18: =TEXT(G18,"MMM") -> Apr | G18: 45038 | H18: CUST017 | I18: Female | J18: {=_xlfn.IFS(K18>=50, "Senior", K18>=30, "Adult", K18<30,"Young Adult")} -> Senior | K18: 64 | L18: Clothing | M18: 4 | N18: 25 | O18: =M18 * N18 -> 100 | P18: =O18 * $S$3 -> 1.5 | Q18: =O18 * $S$4 -> 2
A19: 18 | B19: =DAY(G19) -> 30 | C19: =MONTH(G19) -> 4 | D19: =YEAR(G19) -> 2023 | E19: =TEXT(G19,"DDD") -> Sun | F19: =TEXT(G19,"MMM") -> Apr | G19: 45046 | H19: CUST018 | I19: Female | J19: {=_xlfn.IFS(K19>=50, "Senior", K19>=30, "Adult", K19<30,"Young Adult")} -> Senior | K19: 64 | L19: Electronics | M19: 2 | N19: 25 | O19: =M19 * N19 -> 50 | P19: =O19 * $S$3 -> 0.75 | Q19: =O19 * $S$4 -> 1
A20: 19 | B20: =DAY(G20) -> 16 | C20: =MONTH(G20) -> 9 | D20: =YEAR(G20) -> 2023 | E20: =TEXT(G20,"DDD") -> Sat | F20: =TEXT(G20,"MMM") -> Sep | G20: 45185 | H20: CUST019 | I20: Female | J20: {=_xlfn.IFS(K20>=50, "Senior", K20>=30, "Adult", K20<30,"Young Adult")} -> Senior | K20: 64 | L20: Clothing | M20: 2 | N20: 25 | O20: =M20 * N20 -> 50 | P20: =O20 * $S$3 -> 0.75 | Q20: =O20 * $S$4 -> 1
A21: 20 | B21: =DAY(G21) -> 5 | C21: =MONTH(G21) -> 11 | D21: =YEAR(G21) -> 2023 | E21: =TEXT(G21,"DDD") -> Sun | F21: =TEXT(G21,"MMM") -> Nov | G21: 45235 | H21: CUST020 | I21: Male | J21: {=_xlfn.IFS(K21>=50, "Senior", K21>=30, "Adult", K21<30,"Young Adult")} -> Senior | K21: 64 | L21: Clothing | M21: 3 | N21: 300 | O21: =M21 * N21 -> 900 | P21: =O21 * $S$3 -> 13.5 | Q21: =O21 * $S$4 -> 18
A22: 21 | B22: =DAY(G22) -> 14 | C22: =MONTH(G22) -> 1 | D22: =YEAR(G22) -> 2023 | E22: =TEXT(G22,"DDD") -> Sat | F22: =TEXT(G22,"MMM") -> Jan | G22: 44940 | H22: CUST021 | I22: Female | J22: {=_xlfn.IFS(K22>=50, "Senior", K22>=30, "Adult", K22<30,"Young Adult")} -> Senior | K22: 64 | L22: Beauty | M22: 1 | N22: 500 | O22: =M22 * N22 -> 500 | P22: =O22 * $S$3 -> 7.5 | Q22: =O22 * $S$4 -> 10
A23: 22 | B23: =DAY(G23) -> 15 | C23: =MONTH(G23) -> 10 | D23: =YEAR(G23) -> 2023 | E23: =TEXT(G23,"DDD") -> Sun | F23: =TEXT(G23,"MMM") -> Oct | G23: 45214 | H23: CUST022 | I23: Male | J23: {=_xlfn.IFS(K23>=50, "Senior", K23>=30, "Adult", K23<30,"Young Adult")} -> Senior | K23: 64 | L23: Clothing | M23: 2 | N23: 50 | O23: =M23 * N23 -> 100 | P23: =O23 * $S$3 -> 1.5 | Q23: =O23 * $S$4 -> 2
A24: 23 | B24: =DAY(G24) -> 12 | C24: =MONTH(G24) -> 4 | D24: =YEAR(G24) -> 2023 | E24: =TEXT(G24,"DDD") -> Wed | F24: =TEXT(G24,"MMM") -> Apr | G24: 45028 | H24: CUST023 | I24: Female | J24: {=_xlfn.IFS(K24>=50, "Senior", K24>=30, "Adult", K24<30,"Young Adult")} -> Senior | K24: 64 | L24: Clothing | M24: 4 | N24: 30 | O24: =M24 * N24 -> 120 | P24: =O24 * $S$3 -> 1.8 | Q24: =O24 * $S$4 -> 2.4
A25: 24 | B25: =DAY(G25) -> 29 | C25: =MONTH(G25) -> 11 | D25: =YEAR(G25) -> 2023 | E25: =TEXT(G25,"DDD") -> Wed | F25: =TEXT(G25,"MMM") -> Nov | G25: 45259 | H25: CUST024 | I25: Female | J25: {=_xlfn.IFS(K25>=50, "Senior", K25>=30, "Adult", K25<30,"Young Adult")} -> Senior | K25: 64 | L25: Clothing | M25: 1 | N25: 300 | O25: =M25 * N25 -> 300 | P25: =O25 * $S$3 -> 4.5 | Q25: =O25 * $S$4 -> 6
A26: 25 | B26: =DAY(G26) -> 26 | C26: =MONTH(G26) -> 12 | D26: =YEAR(G26) -> 2023 | E26: =TEXT(G26,"DDD") -> Tue | F26: =TEXT(G26,"MMM") -> Dec | G26: 45286 | H26: CUST025 | I26: Female | J26: {=_xlfn.IFS(K26>=50, "Senior", K26>=30, "Adult", K26<30,"Young Adult")} -> Senior | K26: 64 | L26: Beauty | M26: 1 | N26: 50 | O26: =M26 * N26 -> 50 | P26: =O26 * $S$3 -> 0.75 | Q26: =O26 * $S$4 -> 1
A27: 26 | B27: =DAY(G27) -> 7 | C27: =MONTH(G27) -> 10 | D27: =YEAR(G27) -> 2023 | E27: =TEXT(G27,"DDD") -> Sat | F27: =TEXT(G27,"MMM") -> Oct | G27: 45206 | H27: CUST026 | I27: Female | J27: {=_xlfn.IFS(K27>=50, "Senior", K27>=30, "Adult", K27<30,"Young Adult")} -> Senior | K27: 64 | L27: Electronics | M27: 2 | N27: 500 | O27: =M27 * N27 -> 1000 | P27: =O27 * $S$3 -> 15 | Q27: =O27 * $S$4 -> 20
A28: 27 | B28: =DAY(G28) -> 3 | C28: =MONTH(G28) -> 8 | D28: =YEAR(G28) -> 2023 | E28: =TEXT(G28,"DDD") -> Thu | F28: =TEXT(G28,"MMM") -> Aug | G28: 45141 | H28: CUST027 | I28: Female | J28: {=_xlfn.IFS(K28>=50, "Senior", K28>=30, "Adult", K28<30,"Young Adult")} -> Senior | K28: 64 | L28: Beauty | M28: 2 | N28: 25 | O28: =M28 * N28 -> 50 | P28: =O28 * $S$3 -> 0.75 | Q28: =O28 * $S$4 -> 1
A29: 28 | B29: =DAY(G29) -> 23 | C29: =MONTH(G29) -> 4 | D29: =YEAR(G29) -> 2023 | E29: =TEXT(G29,"DDD") -> Sun | F29: =TEXT(G29,"MMM") -> Apr | G29: 45039 | H29: CUST028 | I29: Female | J29: {=_xlfn.IFS(K29>=50, "Senior", K29>=30, "Adult", K29<30,"Young Adult")} -> Senior | K29: 64 | L29: Beauty | M29: 1 | N29: 500 | O29: =M29 * N29 -> 500 | P29: =O29 * $S$3 -> 7.5 | Q29: =O29 * $S$4 -> 10
... A1001: 1000 | B1001: =DAY(G1001) -> 12 | C1001: =MONTH(G1001) -> 4 | D1001: =YEAR(G1001) -> 2023 | E1001: =TEXT(G1001,"DDD") -> Wed | F1001: =TEXT(G1001,"MMM") -> Apr | G1001: 45028 | H1001: CUST1000 | I1001: Male | J1001: {=_xlfn.IFS(K1001>=50, "Senior", K1001>=30, "Adult", K1001<30,"Young Adult")} -> Young Adult | K1001: 18 | L1001: Electronics | M1001: 4 | N1001: 30 | O1001: =M1001 * N1001 -> 120 | P1001: =O1001 * $S$3 -> 1.8 | Q1001: =O1001 * $S$4 -> 2.4

Sheet Transactions
A1: Transaction ID | B1: Total Sales | C1: Product category | D1: Concatenate
A2: 10 | B2: {=VLOOKUP(A2,retail_sales_dataset!A1:Q1001,COLUMN(retail_sales_dataset!O:O),FALSE)} -> 200 | C2: {=VLOOKUP(A2,retail_sales_dataset!A1:Q1001,COLUMN(retail_sales_dataset!L:L),FALSE)} -> Clothing | D2: =_xlfn.CONCAT(B2, " ", C2) -> 200 Clothing
A3: 15 | B3: {=VLOOKUP(A3,retail_sales_dataset!A2:Q1002,COLUMN(retail_sales_dataset!O:O),FALSE)} -> 2000 | C3: {=VLOOKUP(A3,retail_sales_dataset!A2:Q1002,COLUMN(retail_sales_dataset!L:L),FALSE)} -> Electronics | D3: =_xlfn.CONCAT(B3, " ", C3) -> 2000 Electronics
A4: 25 | B4: {=VLOOKUP(A4,retail_sales_dataset!A3:Q1003,COLUMN(retail_sales_dataset!O:O),FALSE)} -> 50 | C4: {=VLOOKUP(A4,retail_sales_dataset!A3:Q1003,COLUMN(retail_sales_dataset!L:L),FALSE)} -> Beauty | D4: =_xlfn.CONCAT(B4, " ", C4) -> 50 Beauty
A5: 30 | B5: {=VLOOKUP(A5,retail_sales_dataset!A4:Q1004,COLUMN(retail_sales_dataset!O:O),FALSE)} -> 900 | C5: {=VLOOKUP(A5,retail_sales_dataset!A4:Q1004,COLUMN(retail_sales_dataset!L:L),FALSE)} -> Beauty | D5: =_xlfn.CONCAT(B5, " ", C5) -> 900 Beauty
A6: 54 | B6: {=VLOOKUP(A6,retail_sales_dataset!A5:Q1005,COLUMN(retail_sales_dataset!O:O),FALSE)} -> 1500 | C6: {=VLOOKUP(A6,retail_sales_dataset!A5:Q1005,COLUMN(retail_sales_dataset!L:L),FALSE)} -> Electronics | D6: =_xlfn.CONCAT(B6, " ", C6) -> 1500 Electronics
A7: 55 | B7: {=VLOOKUP(A7,retail_sales_dataset!A6:Q1006,COLUMN(retail_sales_dataset!O:O),FALSE)} -> 120 | C7: {=VLOOKUP(A7,retail_sales_dataset!A6:Q1006,COLUMN(retail_sales_dataset!L:L),FALSE)} -> Beauty | D7: =_xlfn.CONCAT(B7, " ", C7) -> 120 Beauty
A8: 67 | B8: {=VLOOKUP(A8,retail_sales_dataset!A7:Q1007,COLUMN(retail_sales_dataset!O:O),FALSE)} -> 1200 | C8: {=VLOOKUP(A8,retail_sales_dataset!A7:Q1007,COLUMN(retail_sales_dataset!L:L),FALSE)} -> Beauty | D8: =_xlfn.CONCAT(B8, " ", C8) -> 1200 Beauty
A9: 89 | B9: {=VLOOKUP(A9,retail_sales_dataset!A8:Q1008,COLUMN(retail_sales_dataset!O:O),FALSE)} -> 2000 | C9: {=VLOOKUP(A9,retail_sales_dataset!A8:Q1008,COLUMN(retail_sales_dataset!L:L),FALSE)} -> Electronics | D9: =_xlfn.CONCAT(B9, " ", C9) -> 2000 Electronics
A10: 100 | B10: {=VLOOKUP(A10,retail_sales_dataset!A9:Q1009,COLUMN(retail_sales_dataset!O:O),FALSE)} -> 30 | C10: {=VLOOKUP(A10,retail_sales_dataset!A9:Q1009,COLUMN(retail_sales_dataset!L:L),FALSE)} -> Electronics | D10: =_xlfn.CONCAT(B10, " ", C10) -> 30 Electronics

Sheet Day 2 Task 2
A1: Student name | B1: English | C1: Mathematics | D1: Science | E1: Average | F1: Highest score
A2: Carol | B2: 75 | C2: 85 | D2: 85 | E2: =AVERAGE(B2:D2) -> 81.666667 | F2: =MAX(B2:D2) -> 85
A3: John | B3: 65 | C3: 80 | D3: 70 | E3: =AVERAGE(B3:D3) -> 71.666667 | F3: =MAX(B3:D3) -> 80
A4: Edward | B4: 55 | C4: 80 | D4: 60 | E4: =AVERAGE(B4:D4) -> 65 | F4: =MAX(B4:D4) -> 80
A5: Khan | B5: 85 | C5: 75 | D5: 80 | E5: =AVERAGE(B5:D5) -> 80 | F5: =MAX(B5:D5) -> 85
A6: Ted | B6: 80 | C6: 75 | D6: 90 | E6: =AVERAGE(B6:D6) -> 81.666667 | F6: =MAX(B6:D6) -> 90
A7: Harry | B7: 80 | C7: 70 | D7: 80 | E7: =AVERAGE(B7:D7) -> 76.666667 | F7: =MAX(B7:D7) -> 80
A8: Sarah | B8: 80 | C8: 70 | D8: 80 | E8: =AVERAGE(B8:D8) -> 76.666667 | F8: =MAX(B8:D8) -> 80
A9: Mary | B9: 55 | C9: 70 | D9: 65 | E9: =AVERAGE(B9:D9) -> 63.333333 | F9: =MAX(B9:D9) -> 70
A10: Linda | B10: 90 | C10: 50 | D10: 70 | E10: =AVERAGE(B10:D10) -> 70 | F10: =MAX(B10:D10) -> 90
A11: Thomas | B11: 55 | C11: 30 | D11: 65 | E11: =AVERAGE(B11:D11) -> 50 | F11: =MAX(B11:D11) -> 65
A14: Task
A15: 1) Apply filter and sorting to show the best students in each subject.
A16: 2) Calculate the average for all students and fill into Column E. (Use formula)
A17: 3) Using the =MAX fucntion, tell me what the students highest score was in column F.
A18: 4) Apply filter and sorting to show the best student in this classroom by average.
A19: 5) Apply filter and sorting to show the best student in this classroom by highest score.
A20: 6) Use conditional formatting to clearly identify the highest and lowest average scores
